"""\xa8br\x8bjr\""""",16
"""nq""",4
"""zjrfcpbktjmrzgsz\xcaqsc\x03n\""huqab""",37
"""daz\\zyyxddpwk""",16
"""draes\xa2n\\g\x27ek\""lj\""\\viqych""",35
"""nnx\\krnrfomdnt\x2flbl\xd2xpo\""cp\""k""",38
"""kwdaapalq""",11
"""u\""ptk""",8
"""ckhorczuiudfjmmcc\\u\""wozqxibsfjma""",36
"""ydctdrxat\""pd\""lwi\""bjesevfw\xe8""",34
"""v\""\xa8rrzep\""\""r""",19
"""nbydghkfvmq\\\xe0\""lfsrsvlsj\""i\x61liif""",41
"""jsas\""u""",9
"""odipikxlo""",11
"""\""rnubsgwltqkbsu\""pcpcs""",25
"""eitk\\f\\mhcqqoym\\ji""",23
"""vnedc""",7
"""\""lhcaurdqzyjyu""",17
"""haxzsa\""zcn\""y\""foclgtjfcnv\""m\x68krc""",39
"""\""eoeggg\""tmiydvcay\""vfavc""",28
"""snqvyqoncwxcvwbdktoywch""",25
"""rnfgjsyr\xd5wacy""",18
"""ik\""hebrpvsts""",15
"""txw""",5
"""\x15pxtdkogd\""urbm\""gevhh\""nxr\x3erxtk""",40
"""cetqtcy""",9
"""inleep\\mgl""",13
"""uflwbxvww\x2cxzezqnaply\""yh\""qlllzk""",37
"""eepak\""xqtedzt""",16
"""na\x61qzfieafvyrsnwkssznohjmc""",31
"""yceaonylz\xc1\\jrlbbkzwsidfi""",30
"""ybqafngkcqpbp""",15
"""\xaft""",7
"""yidjpaobqydso""",15
"""ju\\ldxig\\lrdrhjcmm\x77rc""",28
"""tylacqeslnwj\x48ds\""tjxa""",26
"""efbfm""",7
"""\\fxkgoprgdcjgyajykg\\dtbrz""",29
"""eujvva""",8
"""h\x7acwfpikme\\vwthyvrqdnx\""""",30
"""rbpbrxm\\\""\""\""voxx""",21
"""ykiw\""tkb\\lforu\""rsf\\tf\""x\""rqti""",36
"""e\\wh\x77aqeugiq\\ihhfqfuaij""",30
"""g\""t\\o""",9
"""nxzo\""hf\\xp""",14
"""dxiaqfo\xea""",13
"""kali\\zczhiqkqzybjj\""fgdjnik""",30
"""zdkgrqmdv""",11
"""bimxim\xb6lrwsaj\""ui\""a""",25
"""\""rrznitibgx\\olpsjmjqzctxaubdifsq""",36
"""zb\""khzixaacmhuzmlymoformipdzml""",33
"""qfwi""",6
"""hjwsxfpphttjy\""\""zixais\xbblgnqfto""",36
"""puj\\qmyu\""nqgaqfthbwjokbmrpbhpi""",34
"""cyxdpkh\\\""""",13
"""q""",3
"""m""",3
"""tbxdzzllarlo""",14
"""gbtys""",7
"""gytilk\\vlqxvcuutjunrqc""",25
"""uugkvcuzan\\eyhb""",18
"""yaxr\""genlbgw\""\\uc""",21
"""nrgecjeip\\sjdvgqaqxwsqactopu""",31
"""pu\""r\""txpyrkfny\\zmwfneyvwmnkkdipv""",37
"""jm\xa3bhwvq""",13
"""qxojmnml\""w\x9airr""",20
"""xbzsuihs\x4dcedy\xaclrhgii\\\""""",32
"""drgjirusrekrwmvxllwdm""",23
"""\x28hfxnfpycmpnkku\""csuf\xaarxlqyg\""x""",39
"""\""zvz\\rmg\""\\sxxoifffyqfyn\""iq\""ps""",37
"""\""z""",5
"""zbwkmk\""sgzos\x93gtc\""""",24
"""bvm\x28aa\\\\\""pywuhaniox\\z\\hbp\xd7mold""",43
"""aszgvsyna""",11
"""qf\""vdwuss""",12
"""lnohni\""qwiacjsjegstlbfq\\kyjhyd""",34
"""c\\naawulxlqplnacvytspry\xf5ytxxqq""",36
"""razwqmsqgbaaxcd\\f""",20
"""radggyrjrg\""zx""",16
"""\""pu\x11t\\ajcjuieinlkvya""",27
"""veggiskh""",10
"""eglfhjxiet\""kouqfskwsy\""hpthsldel""",35
"""mv\xc1b\""f\\shrssnjwcpmurepdxdlcj""",35
"""dlayjd\""suvzotgdtc""",20
"""\xa9pvxeopn""",13
"""lpplsaxy\""oiwaq""",17
"""hqwh\\lusv""",12
"""hykykwlx\""\xa5atkgh\\d\x63dff""",31
"""vfktanpjy\""xxetc""",18
"""dnhwkgjnsmsswfuelvihvjl\""jtf""",30
"""x\""dwvzra\""nbbsewftehczgbvfzd\""rau""",36
"""csfi\""mzejnjqkqupwadrgti\""von""",31
"""xckf\xf7xsm\\pgvlpetjndpyblais\\z""",35
"""yecy\x6fuj\x58bwpgeuiw\""mdu""",29
"""fgb""",5
"""c\\lx\x3efthet\xfdelgvwvpem""",29
"""kgyrmarvfwjinlowt""",19
"""yzte""",6
"""vc\""z""",7
"""sxevqfzmmdwsuu\""""",18
"""fxbaercmcy\xb6md""",18
"""f""",3
"""m\x44gqbcppho\\b""",18
"""gtafr\x57m\x11jy\""\""erwmmpiwjkbckuw""",37
"""ufdjt\""kssprzxqixzxmq\x58q""",28
"""yzbyo\""lfdbyaxexyfbnyv\\\xe8xmre""",34
"""u\x43ntr\\\\byyfjr\""iveujvnwsqbnpuvrta""",40
"""us\xf6bai""",11
"""c\\edh""",8
"""tzckolphexfq\\\x23\xfbdqv\\\""m""",32
"""yjafhbvhhj\x1b\""bplb""",22
"""\""o""",5
"""rubahvmp\""""",12
"""qmkukrnrmqumh""",15
"""wdpxyvyidhwjf\\nabbijwhr\xc5bksvy\""p""",38
"""u\""prlpg\""""",12
"""nsvcquyxbwilsxxemf\xd9leq""",27
"""y\xcetxuafl""",13
"""it""",4
"""kwdlysf\\xjpelae""",18
"""viwh\x58wpjjlnvryuti\x2chngrx\\nhtkui""",39
"""vhn\x9ehre\xc3ncsqbozms\""nl""",29
"""ytc\xa3mgeeogjcqavmmmd""",24
"""xzlexlitseozoxtpzzutfq""",24
"""cish\x07lmovj""",15
"""ekbflwqzaiivdr\""pq\\azrfbntqwkn""",33
"""uc\""xdbegmlmhksofzohavtrnxf""",29
"""xfdnrdqdrcjzbe""",16
"""ndg\""ckgrpisib\""rg\""p\\lmpfzlssnvk""",36
"""witfjwpbyyzlop""",16
"""zonlww\""emrbcsgdtrg\""rjzy\x64zqntlw""",37
"""dvgb\""zn\\vrbzema\""ckmd""",25
"""\\vdlmxhlvldk\""pmzazeip""",25
"""\""\""r""",7
"""rsntinv""",9
"""iy""",4
"""lr\x20efh""",11
"""csgexlb\""zqdavlxxhtdbh\""\""\x0fkpvhiphm""",40
"""ouwhp\""ogbft""",14
"""cm\\ckltng\""dw\x8brf\xf0eppgckd""",33
"""zmnlsgalhpkejsizfsbtnfliu\""nhc""",32
"""pnrkaayqvwpdjbhcrbb\""yfeq\""aq""",31
"""ozh\\hoxow\x2csrtr\\r\""""",25
"""bqxabj\""u\\s""",14
"""cpsjti\""gy""",12
"""aa\""p\\nki\\ajijkqev""",22
"""q\""\""lfdentjgd\\""",18
"""bmokvpoebutfki""",16
"""pielvcbne\xf6efvzxn""",21
"""kx""",4
"""zlgmqagcrbhrwtwtmmg""",21
"""aiyhmntcqjbpv\xb5hhswxbryoedvos""",33
"""tdpaxrb""",9
"""fu\""\x7dttkyvhrlwko""",21
"""oirc\\\""cqlnqffjqt\\k""",23
"""edxlia\\tcyby""",15
"""jpeybgwfayerfrfbvfog\""ol""",26
"""ysr""",5
"""bzwzilgwfugjk""",15
"""tlcc\x75nukvwjgftetjcs\xaecwc""",31
"""dsqssa\""vzrf\""sewbp\\ahhlmhbeihlh""",35
"""qtgmjck\""n\""guki\""gmdivwqxismqj""",33
"""\""f""",5
"""wuorvlovucngbzdszqpikyk""",25
"""dfrdsacoukmgvhbq\""\""iwto""",26
"""\""ey\""ch\\wcgioe\\\""ouvligmsw""",31
"""ciqlszzgs""",11
"""\\tzyrkaoi\""sopjaq""",20
"""lmtnv""",7
"""ar\""fqoroigiertjjlm\""ymgi\\kkjewsxd""",37
"""wehcimlvudpxtamdn\""rwy""",24
"""hr\""zvrwthr\""vruzqfrldn\""b""",28
"""sggekodkiwvym\""mhsco""",22
"""ltlkfbrrdvk\\""",15
"""uut\""sfjnz\""\\ef""",18
"""hxilg\\""",9
"""zsredsiwlzrpedibn""",19
"""vtfi""",6
"""\\h""",5
"""qekfrc\xf6wduodbwrguqcng\\n""",29
"""\""lljlfdrxftwidn\\pkv\xd9ij""",29
"""mrvgqynpehkliuijlpp""",21
"""gikjph""",8
"""yoxcdrdt\""wbaurnyhoyxoihu""",27
"""onmomwuxuammbzxe""",18
"""rnrr\\twviz\x61gqaljr\x0dmtw""",30
"""r\""vupaoi""",11
"""l""",3
"""sei""",5
"""jwxtdtbkd\\kxd""",16
"""\x22v\\""",9
"""ahd""",5
"""j\""bjqxs""",10
"""\\i\x24gglxub\\nzsajokt""",25
"""lviwpu\""uxdlh\\zuy\""xqy\""ytdzlx\""r""",36
"""kptfmys""",9
"""fwxzikfhczkjwyjszqdbkepaeellc""",31
"""nlqpsvbrbd\\ns""",16
"""qryuwkjiodw\""\""vaqyq\""dmyifm""",30
"""tw\x15kdmaudjl\\zorhp\""alwh""",29
"""aatrvczesykekkjfyb\""kb""",24
"""usqcutbqbxxhucwxo\xc1ltb\""j\""bghjcvws""",39
"""ilhsrnzxkz""",12
"""bianqfdfdhvw""",14
"""hqibqs\x7ax\""qoxqoaqtcsz""",26
"""htxtoojbbauztwxuiq\\ngyfy\\obzc""",33
"""rxn\\moxlj""",12
"""mtus\x84erh\""dbe""",18
"""asx\x50huvsitcxadt""",20
"""\""bugggtnrc\""\""kl\""hmpu\x83hqrvhpo""",36
"""ewisbp\""\""vuzf\\w\x5fvalszdhl""",31
"""scusplpwxfnxu\x57\""zynpn\x99xerc\\ri""",38
"""m\\kinmkke\x0cl""",17
"""xhuzit\x7fd""",13
"""kfbo\x04\x50ruqirn""",20
"""t\""\""xpbdscmdoug""",18
"""punvpsgnbgyxe\""sptmpz""",23
"""bxukkazijr""",12
"""nxyrcdaoo\""rjkk\""wntehcvcip\""vrd""",34
"""rdpvqskmihqaw""",15
"""p\\gwdhtqnpgthod""",18
"""nwnuf\""\""yebycearom\""nqym\""\xd4sii\xccle""",42
"""alda\""ptspo\""wkkv\""zoi\""hkb\""vnntyd""",37
"""ixpgpfzbqv""",12
"""znui\""\\fzn\x03qozabh\""rva\""pv\x67""",36
"""e\""zswmwuk""",12
"""hcccygwfa""",11
"""ngmace\\rtyllolr\""\x68bw""",26
"""\\c\""jyufbry\""ryo\""xpo\x26ecninfeckh\\s""",41
"""hdnpngtuc\""dzbvvosn\x31fwtpzbrt""",33
"""hesbpd\xd4""",12
"""dsdbstuzrdfmrnyntufs\""dmv""",27
"""d\xeeibcwhcvkt""",16
"""fvzwrsfjdqdmy\""\""v""",20
"""ns\""dqafz\\lkyoflnazv\""mn\x37\""o\""yj\""e""",41
"""dypilgbwzccayxa\""bnmuernx""",27
"""q\xa9ztqrhreb\""\""kxfeyodqb""",28
"""iz\xa5qjxqulaawuwz\""rqmpcj\\yel""",33
"""z\""\\pq\""\""y\x67zpjtn""",23
"""ifxqvivp\""kiiftdoe""",20
"""jxzebj\""\x35\""qr\""ecglcutuoyywqumcs\""kk""",41
"""q""",3
"""yob\x85qmpuwexptczbkrl""",24
"""cjiavv\""uudpozvibyycnmxhxpxmpjoz""",34
"""xro\\uiqyrcid""",15
"""nod\\k""",8
"""d\""neiec""",10
"""tqyrqvwyvmz\\pzgzzcqsqsrgbqbtapoz""",35
"""r\""xvocpeuxfxslgueb\x05kzyyie\""aoec""",37
"""\""du\\uirlhcbgv\\cjqhfreqnvn""",30
"""zp\x04\x15\""pbjwhrjtmiba""",26
"""\\cv\""""",8
"""k\""rwnb\\hiu\""rqd\""rc\\nyakrhly""",33
"""klrmafjzandiddodgz""",20
"""xipzhqzhvlpykzcuppx""",21
"""zdvrvn\xd0mtfvpylbn\\\\sxcznrzugwznl""",38
"""ody\\pvm\""kpjiudzhxazirgxzvumeat\""o""",37
"""kllvhdp\""prjikzrrc\""adgpegc\\\""gk""",35
"""sqtpug\xbcaauxaamw""",20
"""wegxxrrxdvpivrqievfeokmnojsk""",30
"""\\bo""",6
"""gijhz""",7
"""ylowluvabwrigssdgtxdwsiorxev\xdd""",34
"""\""""",4
"""ghnsrnsqtxpygikahkrl""",22
"""\""rcfqkbjf\""sgxg\""vnd\\rotn""",29
"""ap\""smgsuexjrbuqs\""mpbstogj\""x""",32
"""koaunz\\sgt\""opv""",18
"""yialiuzwix""",12
"""yp\""ndxgwzml\""bt""",18
"""lpcjxmggfsy\\szbxccarjkqzasqkb\xcfd\x0c""",41
"""x""",3
"""mgakc""",7
"""vjieunoh\x73fjwx""",18
"""erbvv\""qulsd""",14
"""mimycrbfhqkarmz""",17
"""tihfbgcszuej\""c\xfbvoqskkhbgpaddioo""",37
"""mziavkwrmekriqghw""",19
"""izk\\tnjd\\ed\\emokvjoc""",25
"""c\""nhbqzndro\\g""",17
"""usfngdo""",9
"""aypljdftvptt""",14
"""ym\""afvq\xbcc""",15
"""zabi\""wjpvugwhl""",17
"""ebvptcjqjhc\""n\""p\""dxrphegr\\""",31
"""mzlqqxokhye\xd9\\rffhnzs""",26
"""hnipqknwpsjakanuewe""",21
"""rqgbfcjdrmiz\""h""",17
"""kzzp\\z\\txmkwaouxictybwx""",27
"""yzmspjkqrteiydswlvb""",21
"""gjpxklgpzv\""txri\\hotpuiukzzzd""",32
"""p\""rxergtbsxmjmkeeqwvoagnki\""""",31
"""santipvuiq""",12
"""\""ihjqlhtwbuy\""hdkiv\""mtiqacnf\\""",34
"""oliaggtqyyx""",13
"""fwwnpmbb""",10
"""yrtdrieazfxyyneo""",18
"""nywbv\\""",9
"""twc\\ehfqxhgomgrgwpxyzmnkioj""",30
"""qludrkkvljljd\\xvdeum\x4e""",27
